{
  "Sala 6": {
    "Ponto 29": 0.004909034847905573
  },
  "Ponto 1": {
    "Ponto 2": 0.03078791110575725
  },
  "Ponto 2": {
    "Ponto 1": 0.03078791110575725,
    "Entrada": 0.025963325942058496,
    "Biblioteca": 0.02314807773056794,
    "Ponto 14": 0.029210720423127338,
    "Cantina 1": 0.1
  },
  "Ponto 5": {
    "Sala 27": 0.005045144263863383,
    "Núcleo Psicoeducacional": 0.005146649167113724,
    "Ponto 6": 0.00755825242079638
  },
  "Ponto 6": {
    "Ponto 5": 0.00755825242079638,
    "Sala 28": 0.005471520164485663,
    "Sala 25B": 0.004890713659309071,
    "Ponto 7": 0.005932459758375415
  },
  "Ponto 7": {
    "Sala 29": 0.003893594707863761,
    "Sala 25A": 0.006258249638847431,
    "Ponto 6": 0.005932459758375414,
    "Ponto 8": 0.007943206816303255
  },
  "Ponto 8": {
    "Ponto 7": 0.007943206816303255,
    "Sala 30": 0.00558224698994675,
    "Ponto 9": 0.007012161768012634
  },
  "Ponto 9": {
    "Ponto 8": 0.007012161768012634,
    "Sala 24": 0.005486767293252476,
    "Sala 31": 0.005121228231931908,
    "Ponto 10": 0.007426658694441243
  },
  "Ponto 10": {
    "Ponto 9": 0.007426658694441243,
    "Sala 23": 0.006665088663973597,
    "Sala 32": 0.005782365262031952,
    "Ponto 11": 0.0076614148636981756
  },
  "Ponto 11": {
    "Ponto 10": 0.0076614148636981756,
    "Ponto 12": 0.026709435227811076,
    "Ponto 25": 0.010222601276594129
  },
  "Ponto 12": {
    "Ponto 11": 0.026709435227811076,
    "Ponto 13": 0.02972363786289192,
    "Ponto 37": 0.016271304394992837,
    "Ponto 22": 0.008479729916935215,
    "Cantina 2": 0.1
  },
  "Ponto 13": {
    "Ponto 33": 0.009753667201480774,
    "Ponto 14": 0.009123049517327382,
    "Ponto 12": 0.02972363786289192,
    "Ponto 34": 0.007975712743255618
  },
  "Ponto 14": {
    "Ponto 2": 0.029210720423127338,
    "Atendimento ao Aluno": 0.008481603141781303,
    "Ponto 13": 0.009123049517327382,
    "Ponto 15": 0.011492872955147844
  },
  "Ponto 15": {
    "ACESSILAB": 0.005089996128760082,
    "Sala 1": 0.004358762025812872,
    "Ponto 14": 0.011492872955147844,
    "Ponto 16": 0.0074019340060095746
  },
  "Ponto 16": {
    "LAB 1": 0.0029052685080767373,
    "Ponto 15": 0.0074019340060095746,
    "Ponto 19": 0.011782970215111425
  },
  "Ponto 17": {
    "Ponto 34": 0.009988973544666454,
    "Ponto 18": 0.01300966132706857
  },
  "Ponto 18": {
    "WC Masculino": 0.0032960640762467438,
    "Ponto 20": 0.03364537341887828,
    "Ponto 16": 0.012760493526897496,
    "Ponto 19": 0.0066165295596060806
  },
  "Ponto 19": {
    "Femenino": 0.005047057036953112,
    "Ponto 16": 0.011782970215111425,
    "Ponto 18": 0.0066165295596060806
  },
  "Ponto 20": {
    "Ponto 21": 0.011774825176831184,
    "Ponto 35": 0.025984263597207624,
    "Ponto 18": 0.03364537341887828
  },
  "Ponto 21": {
    "Ponto 22": 0.007539733756472326,
    "Sala 17B": 0.006630935721738763,
    "Ponto 20": 0.011774825176831184
  },
  "Ponto 22": {
    "Ponto 12": 0.008479729916935215,
    "Laboratório Física": 0.007117897526949339,
    "Laboratório Multi.": 0.006486406171911392,
    "Ponto 21": 0.007539733756472326
  },
  "Ponto 23": {
    "Sala 9": 0.008878337991749759,
    "Sala 13": 0.007612319339901147,
    "Ponto 37": 0.007373920858791155,
    "Ponto 24": 0.010966949597110124
  },
  "Ponto 24": {
    "Ponto 36": 0.009106470327810008,
    "Sala 10": 0.009186219888301895,
    "Sala 14": 0.007326970911654127,
    "Ponto 23": 0.010966949597110124
  },
  "Ponto 25": {
    "Ponto 26": 0.007002185797993877,
    "Sala 18": 0.004659247030154345,
    "Laboratório 10": 0.005996683998074192,
    "Ponto 11": 0.010222601276594129
  },
  "Ponto 26": {
    "Sala 19": 0.003846197026694267,
    "Ponto 27": 0.006213996186793598,
    "Ponto 25": 0.007002185797993877
  },
  "Ponto 27": {
    "Ponto 35": 0.005262196521430762,
    "Sala 21": 0.005566435379342157,
    "Sala 20": 0.0047340429970816255,
    "Ponto 26": 0.006213996186793598
  },
  "Ponto 29": {
    "Sala 6": 0.004909034847905573,
    "Ponto 30": 0.013209365026664786
  },
  "Ponto 30": {
    "Sala 5": 0.007841398415487862,
    "Ponto 29": 0.013209365026664786,
    "Ponto 31": 0.008590144232306998
  },
  "Ponto 31": {
    "Ponto 30": 0.014635450206070724,
    "Sala 4": 0.005756678366419719,
    "Ponto 32": 0.00607630022824366
  },
  "Ponto 32": {
    "Ponto 33": 0.013562850395952461,
    "Sala 3": 0.005904154874051665,
    "Ponto 31": 0.00607630022824366
  },
  "Sala 5": {
    "Ponto 30": 0.007841398415487862
  },
  "Sala 4": {
    "Ponto 31": 0.005756678366419719
  },
  "Entrada": {
    "Ponto 1": 0.0072957989034867785,
    "Ponto 2": 0.025963325942058496
  },
  "Sala 3": {
    "Ponto 32": 0.005904154874051665
  },
  "Lab Robotica": {
    "Ponto 33": 0.004998048289805736
  },
  "Sala 7": {
    "Ponto 34": 0.003822547593426177
  },
  "LAB 1": {
    "Ponto 16": 0.0029052685080767373
  },
  "ACESSILAB": {
    "Ponto 14": 0.008724916984091996,
    "Ponto 15": 0.005089996128760082
  },
  "Sala 1": {
    "Ponto 15": 0.004358762025812872
  },
  "Femenino": {
    "Ponto 19": 0.005047057036953112
  },
  "WC Masculino": {
    "Ponto 18": 0.0032960640762467438
  },
  "Sala 8": {
    "Ponto 37": 0.004864082722937035
  },
  "Sala 9": {
    "Ponto 23": 0.008878337991749759
  },
  "Sala 10": {
    "Ponto 24": 0.009186219888301895
  },
  "Sala 11": {
    "Ponto 36": 0.008948120973235319
  },
  "Sala 15": {
    "Ponto 36": 0.007097092119924934
  },
  "Sala 14": {
    "Ponto 24": 0.007326970911654127
  },
  "Sala 13": {
    "Ponto 23": 0.007612319339901147
  },
  "Sala 12": {
    "Ponto 37": 0.0051299596190170415
  },
  "Ponto 33": {
    "Lab Robotica": 0.004998048289805736,
    "Ponto 13": 0.009753667201480774,
    "Ponto 32": 0.005596270689764437
  },
  "Ponto 34": {
    "Ponto 13": 0.007975712743255618,
    "Sala 7": 0.003822547593426177,
    "Ponto 17": 0.009988973544666454
  },
  "Laboratório Física": {
    "Ponto 22": 0.007117897526949339
  },
  "Laboratório Multi.": {
    "Ponto 22": 0.006486406171911392
  },
  "Sala 17B": {
    "Ponto 21": 0.006630935721738763
  },
  "Ponto 35": {
    "Ponto 27": 0.005262196521430762,
    "Ponto 20": 0.025984263597207624
  },
  "Ponto 36": {
    "Sala 15": 0.007097092119924934,
    "Sala 11": 0.008948120973235319,
    "Ponto 24": 0.009106470327810008
  },
  "Ponto 37": {
    "Sala 8": 0.0048640827229370345,
    "Sala 12": 0.0051299596190170415,
    "Ponto 23": 0.007373920858791155,
    "Ponto 12": 0.016271304394992837
  },
  "Sala 32": {
    "Ponto 10": 0.005782365262031952
  },
  "Sala 23": {
    "Ponto 10": 0.006665088663973597
  },
  "Sala 24": {
    "Ponto 9": 0.005486767293252476
  },
  "Sala 31": {
    "Ponto 9": 0.005121228231931908
  },
  "Sala 30": {
    "Ponto 8": 0.00558224698994675
  },
  "Sala 29": {
    "Ponto 7": 0.003893594707863761
  },
  "Sala 25A": {
    "Ponto 7": 0.006258249638847431
  },
  "Sala 28": {
    "Ponto 6": 0.005471520164485663
  },
  "Sala 25B": {
    "Ponto 6": 0.004890713659309071
  },
  "Sala 27": {
    "Ponto 5": 0.005045144263863383
  },
  "Núcleo Psicoeducacional": {
    "Ponto 5": 0.005146649167113724
  },
  "Sala 18": {
    "Ponto 25": 0.004659247030154345
  },
  "Laboratório 10": {
    "Ponto 25": 0.005996683998074192
  },
  "Sala 19": {
    "Ponto 26": 0.0038461970266942666
  },
  "Sala 20": {
    "Ponto 27": 0.004734042997081625
  },
  "Sala 21": {
    "Ponto 27": 0.005566435379342157
  },
  "Atendimento ao Aluno": {
    "Ponto 14": 0.008481603141781303
  },
  "Biblioteca": {
    "Ponto 2": 0.02314807773056794,
    "Atletica/AACC": 0.1
  },
  "Atletica/AACC": {
    "Biblioteca": 0.02314807773056794
  },
  "Cantina 1": {
    "Ponto 2": 0.02314807773056794
  },
  "Cantina 2": {
    "Ponto 12": 0.02314807773056794
  }
}